date,file_name
2021-01-31 00:00:00+00:00,15
2021-02-28 00:00:00+00:00,15
2021-03-31 00:00:00+00:00,120
2021-04-30 00:00:00+00:00,15
2021-05-31 00:00:00+00:00,53
2021-06-30 00:00:00+00:00,28
2021-07-31 00:00:00+00:00,43
2021-08-31 00:00:00+00:00,33
2021-09-30 00:00:00+00:00,66
2021-10-31 00:00:00+00:00,22
2021-11-30 00:00:00+00:00,22
2021-12-31 00:00:00+00:00,11
2022-01-31 00:00:00+00:00,6
2022-02-28 00:00:00+00:00,15
2022-03-31 00:00:00+00:00,0
2022-04-30 00:00:00+00:00,15
2022-05-31 00:00:00+00:00,15
